src_ip,dst_ip,src_port,dst_port,flow_duration,fwd_packets,bwd_packets,fwd_bytes,bwd_bytes,flow_bytes_per_sec,flow_packets_per_sec,flow_iat_mean,flow_iat_std,syn_count,ack_count,packet_length_mean,packet_length_std,label,protocol_ICMP,protocol_TCP,protocol_UDP,fin_count_0,fin_count_1,rst_count_0,rst_count_1,psh_count_0,psh_count_1,psh_count_2,psh_count_3,psh_count_4,urg_count_0,urg_count_1
1.6108877974426383,-1.541602300778439,1.7174024002145964,-0.4124607969195027,-0.4941394069346022,4.741699557042053,-0.6596607189157324,1.4119005015272597,-0.5032373711740097,0.4008541349962426,1.9130251536493272,-0.32076607727076983,-0.33253872628991626,3.2274374047001846,8.414143488321352,-0.13121201996666917,-1.7056362074327953,2,-0.5927489783638191,-0.8509629433967629,1.4577379737113252,0.9416965821485118,-0.9416965821485118,-1.2506408613597126,1.2506408613597126,1.5646967316604727,-0.5465357250000211,-0.5310850045437943,-0.3692744729379982,-0.4034732923929645,1.1281521496355325,-1.1281521496355325
1.36838855911794,-0.6062480958117457,1.8632320755153342,1.525274490621785,-0.20339253681353778,-0.25396592177811833,1.0284977707484142,-0.24853089197284112,0.4409364221826344,-0.18836942733476905,-0.2138348360830732,-0.2976703232854211,-0.31814465506970574,-0.6738605570253133,-0.20603481030903356,-0.1060826950938085,0.08458163388447199,0,-0.5927489783638191,-0.8509629433967629,1.4577379737113252,0.9416965821485118,-0.9416965821485118,-1.2506408613597126,1.2506408613597126,-0.6391014819458268,-0.5465357250000211,-0.5310850045437943,2.7080128015453204,-0.4034732923929645,-0.8864052604279183,0.8864052604279182
0.32910610915494765,-1.5762450491105386,-0.09960550585343787,1.525274490621785,0.2102406540992968,-0.2496347775680934,0.28673116165356194,-0.30310400672149035,-0.24614149525755466,-0.18994664338861267,-0.21438769115048828,-0.25466906135523265,-0.22840113987659508,-0.3191971059593589,-0.19927767166509036,-0.12084006707051416,-0.9527169188213407,0,1.6870547845739468,-0.8509629433967629,-0.6859943405700355,-1.061913167103641,1.061913167103641,0.7995900589021114,-0.7995900589021114,-0.6391014819458268,1.8297065576087663,-0.5310850045437943,-0.3692744729379982,-0.4034732923929645,1.1281521496355325,-1.1281521496355325
-0.9180328308006434,-1.680173294106838,1.5439098588754516,-0.6892801237111152,-0.2344621392260284,-0.24344742869662925,1.2842793600914668,-0.17395958567954187,0.9131656852351054,-0.18694528705817293,-0.21354330564843083,-0.3035714249881723,-0.3082709735490917,0.03546634510659547,-0.18962461645945725,-0.09739410906863638,0.6953011795350953,0,-0.5927489783638191,1.1751393027860062,-0.6859943405700355,-1.061913167103641,1.061913167103641,-1.2506408613597126,1.2506408613597126,-0.6391014819458268,-0.5465357250000211,-0.5310850045437943,-0.3692744729379982,2.4784787961282104,1.1281521496355325,-1.1281521496355325
-0.7794618374722444,-0.05196412249814963,0.47507854352249484,-1.2429187772943402,0.03256780526663815,-0.2904712801197569,-0.6340825599814273,-0.3604272007184091,-0.4972935750532859,-0.19023933895044565,-0.21465264322392166,0.29098484796693014,0.15315542867166002,-0.6738605570253133,-0.26298783602226905,-0.122851869243644,-1.0940686001682827,0,-0.5927489783638191,-0.8509629433967629,1.4577379737113252,-1.061913167103641,1.061913167103641,0.7995900589021114,-0.7995900589021114,-0.6391014819458268,-0.5465357250000211,-0.5310850045437943,2.7080128015453204,-0.4034732923929645,-0.8864052604279183,0.8864052604279182
-1.3337458107858404,1.4376740557821397,-0.49594668477751835,0.9716358370385599,-0.37452835640283305,-0.2774778474896822,-0.5573480831785115,-0.3409820855249611,-0.4748530753280385,-0.18971984733805314,-0.21418947007823394,-0.28112643963628964,-0.27357643825975747,0.03546634510659547,-0.24271642009043945,-0.120539841870828,-0.9315407727841806,0,-0.5927489783638191,1.1751393027860062,-0.6859943405700355,0.9416965821485118,-0.9416965821485118,0.7995900589021114,-0.7995900589021114,1.5646967316604727,-0.5465357250000211,-0.5310850045437943,-0.3692744729379982,-0.4034732923929645,1.1281521496355325,-1.1281521496355325
-0.3983916058191471,-0.5369625991475462,1.480855580410257,1.525274490621785,-0.33643790275131463,-0.2750029079410965,-0.608504401047122,-0.3440972388864747,-0.49231075195806845,-0.18992389115147715,-0.21428072553739233,-0.27217098482651203,-0.2566872275016794,0.03546634510659547,-0.23885519800818622,-0.12380742205927284,-1.1611899196589544,0,-0.5927489783638191,1.1751393027860062,-0.6859943405700355,-1.061913167103641,1.061913167103641,-1.2506408613597126,1.2506408613597126,-0.6391014819458268,1.8297065576087663,-0.5310850045437943,-0.3692744729379982,-0.4034732923929645,-0.8864052604279183,0.8864052604279182
0.5023198508154464,0.05196412249814963,-0.9483598002572918,-0.6892801237111152,-0.4979184440126481,4.5628851746567385,-0.6596607189157324,5.796101760345448,-0.5032373711740097,4.065171993577833,4.048234162961205,-0.32074802558049015,-0.33252167962268764,2.8727739536342303,1.85199655953195,-0.12196314998574696,1.284047899100474,2,-0.5927489783638191,1.1751393027860062,-0.6859943405700355,-1.061913167103641,1.061913167103641,-1.2506408613597126,1.2506408613597126,1.5646967316604727,-0.5465357250000211,-0.5310850045437943,-0.3692744729379982,-0.4034732923929645,1.1281521496355325,-1.1281521496355325
0.8141045858043442,-1.2298175657895412,1.7715555252531747,-1.5197381040859528,-0.31277062047532095,-0.24344742869662925,0.08210589017911989,-0.12160533455330406,0.18437442016923844,-0.18604290221097974,-0.21354398498315577,-0.30356118001698396,-0.3065903895240691,-0.3191971059593589,-0.18962461645945725,-0.08721640508386243,1.4107070830619783,0,-0.5927489783638191,-0.8509629433967629,1.4577379737113252,0.9416965821485118,-0.9416965821485118,0.7995900589021114,-0.7995900589021114,1.5646967316604727,-0.5465357250000211,-0.5310850045437943,-0.3692744729379982,-0.4034732923929645,1.1281521496355325,-1.1281521496355325
0.5716053474796459,1.0219610757969426,-1.2719460424907632,-0.9660994505027277,-0.3664352102912559,-0.24406616358377567,1.2331230422228563,-0.23500128905746737,0.44949620042834737,-0.18581326547404653,-0.21246971486667224,-0.31190976944805865,-0.32796820039189484,-0.3191971059593589,-0.19058992198002056,-0.10895278336612983,-0.11714957320638643,0,-0.5927489783638191,1.1751393027860062,-0.6859943405700355,0.9416965821485118,-0.9416965821485118,0.7995900589021114,-0.7995900589021114,-0.6391014819458268,1.8297065576087663,-0.5310850045437943,-0.3692744729379982,-0.4034732923929645,-0.8864052604279183,0.8864052604279182
-1.541602300778439,-1.0219610757969426,-0.44211336165845955,-0.9660994505027277,-0.028814403609151752,-0.26200947531102176,0.20999668485064615,-0.24819860894761298,0.10194428953692586,-0.18928291155476284,-0.21433012247441563,-0.2654006552119057,-0.2624401403565639,-0.3191971059593589,-0.21858378207635662,-0.09907417132529595,0.5772256462543677,0,-0.5927489783638191,1.1751393027860062,-0.6859943405700355,0.9416965821485118,-0.9416965821485118,0.7995900589021114,-0.7995900589021114,-0.6391014819458268,-0.5465357250000211,-0.5310850045437943,2.7080128015453204,-0.4034732923929645,-0.8864052604279183,0.8864052604279182
-0.2944633608228479,-0.9526755791327431,0.8269672556334119,-0.4124607969195027,-0.4858123067135947,-0.23973501937375075,0.5425127509966144,-0.12570422055529562,0.5194514775258475,-0.13345582987264343,-0.19797430348304063,-0.31959993199792663,-0.33154849964013283,-0.3191971059593589,-0.18383278333607736,-0.09113088969378881,1.1355428640521752,0,-0.5927489783638191,1.1751393027860062,-0.6859943405700355,-1.061913167103641,1.061913167103641,0.7995900589021114,-0.7995900589021114,-0.6391014819458268,-0.5465357250000211,-0.5310850045437943,2.7080128015453204,-0.4034732923929645,-0.8864052604279183,0.8864052604279182
-0.6062480958117457,-0.32910610915494765,0.8964708728089097,-0.9660994505027277,-0.21239372743985516,-0.2632469450853146,-0.02020674555810113,-0.30455555888432895,-0.2617128174301094,-0.1895032457899346,-0.21417736760418835,-0.2820721834431593,-0.2924500165542419,-0.3191971059593589,-0.22051439311748325,-0.11539882101893141,-0.5702470610790601,0,1.6870547845739468,-0.8509629433967629,-0.6859943405700355,0.9416965821485118,-0.9416965821485118,-1.2506408613597126,1.2506408613597126,-0.6391014819458268,1.8297065576087663,-0.5310850045437943,-0.3692744729379982,-0.4034732923929645,1.1281521496355325,-1.1281521496355325
0.05196412249814963,0.7794618374722444,-0.16431209423614818,1.525274490621785,-0.17623277738641618,-0.2737654381668037,-0.09694122236101689,-0.35355418867026966,-0.43817593818788386,-0.19011489543930007,-0.2143509180268012,-0.2619511107033005,-0.2604385364055147,-0.3191971059593589,-0.2369245869670596,-0.12884608316666185,-1.515396194284605,0,-0.5927489783638191,1.1751393027860062,-0.6859943405700355,-1.061913167103641,1.061913167103641,0.7995900589021114,-0.7995900589021114,1.5646967316604727,-0.5465357250000211,-0.5310850045437943,-0.3692744729379982,-0.4034732923929645,1.1281521496355325,-1.1281521496355325
0.2598206124907481,-0.3983916058191471,0.43121238022844993,-0.4124607969195027,-0.41542454028117043,-0.15187466539895952,-0.6596607189157324,2.0266940525203747,1.5821452773615938,-0.11564983637996765,-0.2095470871425828,-0.31976625464316333,-0.3312490211982187,0.7447932472385043,0.49574230314049506,0.05168167031576446,1.5267580880139306,5,-0.5927489783638191,-0.8509629433967629,1.4577379737113252,0.9416965821485118,-0.9416965821485118,0.7995900589021114,-0.7995900589021114,-0.6391014819458268,-0.5465357250000211,-0.5310850045437943,-0.3692744729379982,2.4784787961282104,-0.8864052604279183,0.8864052604279182
-0.017321374166049876,0.12124961916234912,-0.2598262675325376,1.525274490621785,-0.053458626798835215,-0.2929462196683426,-0.6340825599814273,-0.36531963105038623,-0.5013154251229972,-0.1902627404678463,-0.21466348487646758,0.6029947164941791,0.5180605212126282,-0.3191971059593589,-0.2668490581045223,-0.13090199374684744,-1.6590738390083715,0,-0.5927489783638191,-0.8509629433967629,1.4577379737113252,-1.061913167103641,1.061913167103641,-1.2506408613597126,1.2506408613597126,-0.6391014819458268,-0.5465357250000211,-0.5310850045437943,2.7080128015453204,-0.4034732923929645,1.1281521496355325,-1.1281521496355325
0.6755335924759451,-1.36838855911794,-0.9428698673055462,-1.2429187772943402,0.18701405901849025,-0.25705959621385044,0.1332622080477304,-0.2664654310450218,-0.09701271833640197,-0.18974237935260632,-0.21442746485791722,-0.24444942554351606,-0.24844020192297672,-0.3191971059593589,-0.21086133791185013,-0.10849249407882491,-0.08478253539602486,0,-0.5927489783638191,1.1751393027860062,-0.6859943405700355,0.9416965821485118,-0.9416965821485118,0.7995900589021114,-0.7995900589021114,-0.6391014819458268,1.8297065576087663,-0.5310850045437943,-0.3692744729379982,-0.4034732923929645,-0.8864052604279183,0.8864052604279182
-0.6408908441438455,0.3637488574870474,-0.6788733827424785,-1.5197381040859528,-0.019437949712393283,-0.256440861326704,-0.5829262421128167,-0.3214779463730845,-0.48588646932459156,-0.19003332162185418,-0.2144239513967,-0.24547771014408054,-0.2140358591871124,-0.3191971059593589,-0.20989603239128682,-0.12316899776429148,-1.11638313080597,0,-0.5927489783638191,1.1751393027860062,-0.6859943405700355,-1.061913167103641,1.061913167103641,-1.2506408613597126,1.2506408613597126,-0.6391014819458268,-0.5465357250000211,1.8829377433825434,-0.3692744729379982,-0.4034732923929645,-0.8864052604279183,0.8864052604279182
1.3337458107858404,0.5023198508154464,-1.161028076737534,0.9716358370385599,-0.28832425295618624,-0.271290498618218,-0.6340825599814273,-0.27361170215996067,-0.48391113588327317,-0.1891888676059853,-0.2143272578057853,-0.2658443929619494,-0.24236070324359407,-0.6738605570253133,-0.23306336488480633,-0.09598295250655253,0.7945303531731631,0,-0.5927489783638191,1.1751393027860062,-0.6859943405700355,0.9416965821485118,-0.9416965821485118,-1.2506408613597126,1.2506408613597126,-0.6391014819458268,1.8297065576087663,-0.5310850045437943,-0.3692744729379982,-0.4034732923929645,-0.8864052604279183,0.8864052604279182
-1.5069595524463393,0.2944633608228479,-0.5918339603133469,-0.9660994505027277,-0.06801501802146467,-0.2948024243297819,-0.6596607189157324,-0.36443864381902485,-0.5032373711740097,-0.19025892041205295,-0.21468034793096846,4.1479876429888325,4.759030639921013,0.03546634510659547,-0.2697449746662122,-0.10486442609128507,0.1715671535416375,0,-0.5927489783638191,1.1751393027860062,-0.6859943405700355,-1.061913167103641,1.061913167103641,-1.2506408613597126,1.2506408613597126,1.5646967316604727,-0.5465357250000211,-0.5310850045437943,-0.3692744729379982,-0.4034732923929645,-0.8864052604279183,0.8864052604279182
0.19053511582654864,0.22517786415864838,-0.662350283567322,-0.6892801237111152,-0.1762096666729399,-0.2453036333580685,-0.02020674555810113,-0.13415120482819984,0.0799664805276629,-0.1880065250356043,-0.2140639905020391,-0.2891410642951841,-0.3144634592421114,0.03546634510659547,-0.19252053302114716,-0.08798400901631696,1.3567346680621635,0,-0.5927489783638191,1.1751393027860062,-0.6859943405700355,0.9416965821485118,-0.9416965821485118,0.7995900589021114,-0.7995900589021114,-0.6391014819458268,1.8297065576087663,-0.5310850045437943,-0.3692744729379982,-0.4034732923929645,-0.8864052604279183,0.8864052604279182
1.4723168041142394,0.2598206124907481,-1.2408186556575647,-0.13564147012789018,-0.500118256535053,-0.2824277265868535,-0.6596607189157324,0.2245330183978104,2.011629036575806,1.4758391011731176,-0.1841117441453482,-0.32075815450876816,-0.33252435196553104,0.39012979617254984,0.23510981258840055,0.5648464145085,-0.6383563761409681,5,1.6870547845739468,-0.8509629433967629,-0.6859943405700355,0.9416965821485118,-0.9416965821485118,0.7995900589021114,-0.7995900589021114,1.5646967316604727,-0.5465357250000211,-0.5310850045437943,-0.3692744729379982,-0.4034732923929645,1.1281521496355325,-1.1281521496355325
-0.5023198508154464,-0.7794618374722444,0.4295067699910144,-0.9660994505027277,-0.0515885540339094,-0.2626282101981682,0.44020011525939345,-0.19825996797188222,0.606401740537393,-0.188630341651003,-0.2142782986875212,-0.27246119684507997,-0.2631247344916283,-0.3191971059593589,-0.21954908759691993,-0.08301436792406287,1.7060645043727567,0,1.6870547845739468,-0.8509629433967629,-0.6859943405700355,-1.061913167103641,1.061913167103641,0.7995900589021114,-0.7995900589021114,-0.6391014819458268,-0.5465357250000211,1.8829377433825434,-0.3692744729379982,-0.4034732923929645,1.1281521496355325,-1.1281521496355325
-1.0566038241290423,0.5369625991475462,0.4924011474964494,-0.4124607969195027,0.33324783826457277,-0.25767833110099686,0.5169345920623092,-0.1870913233936556,0.5967030312984876,-0.1893569812902214,-0.21444059499824986,-0.24034466280754138,-0.20099816936776313,0.03546634510659547,-0.21182664343241345,-0.08681329876426026,1.4390382772799948,0,-0.5927489783638191,-0.8509629433967629,1.4577379737113252,0.9416965821485118,-0.9416965821485118,0.7995900589021114,-0.7995900589021114,-0.6391014819458268,-0.5465357250000211,-0.5310850045437943,2.7080128015453204,-0.4034732923929645,1.1281521496355325,-1.1281521496355325
-0.5716053474796459,0.8833900824685437,0.30430431849926276,-0.9660994505027277,-0.15901434429443365,-0.2774778474896822,-0.4806136063755957,-0.3485655711467791,-0.4684643842880989,-0.19011368259722314,-0.2144845079247693,-0.22270565297006,-0.2070827741790816,0.03546634510659547,-0.24271642009043945,-0.12481025955378229,-1.2317231025294004,0,1.6870547845739468,-0.8509629433967629,-0.6859943405700355,-1.061913167103641,1.061913167103641,0.7995900589021114,-0.7995900589021114,-0.6391014819458268,-0.5465357250000211,1.8829377433825434,-0.3692744729379982,-0.4034732923929645,1.1281521496355325,-1.1281521496355325
1.5762450491105386,-0.7448190891401446,-0.21190927992458333,-0.13564147012789018,0.308010592836656,-0.2706717637310716,0.31230932058786715,-0.243052594201646,0.4496741583960337,-0.18955007252219427,-0.21450121664401747,-0.21377711812616682,-0.24933013559768108,-0.3191971059593589,-0.23209805936424302,-0.0844767248559882,1.6032954900583507,0,-0.5927489783638191,1.1751393027860062,-0.6859943405700355,0.9416965821485118,-0.9416965821485118,0.7995900589021114,-0.7995900589021114,-0.6391014819458268,1.8297065576087663,-0.5310850045437943,-0.3692744729379982,-0.4034732923929645,1.1281521496355325,-1.1281521496355325
-1.5762450491105386,-0.6408908441438455,1.5256811494628595,-0.6892801237111152,-0.08647234640336779,-0.26200947531102176,0.31230932058786715,-0.2868046499050375,-0.048020889832352635,-0.18947879499334783,-0.21426248917828855,-0.2742701086010403,-0.31044755523512413,-0.6738605570253133,-0.21858378207635662,-0.11074865066980409,-0.24335734952006785,0,-0.5927489783638191,-0.8509629433967629,1.4577379737113252,0.9416965821485118,-0.9416965821485118,0.7995900589021114,-0.7995900589021114,-0.6391014819458268,1.8297065576087663,-0.5310850045437943,-0.3692744729379982,-0.4034732923929645,-0.8864052604279183,0.8864052604279182
0.8487473341364439,1.40303130745004,1.1605206576918972,1.525274490621785,-0.15068882210453335,-0.07948268360282873,0.9261851350111933,-0.06483740298012175,-0.06731153352955187,-0.18781738629737255,-0.21245299781759044,-0.3119761755514533,-0.3291131504249503,-0.3191971059593589,0.06618134648982076,-0.120674916567451,-0.9411211544679798,1,1.6870547845739468,-0.8509629433967629,-0.6859943405700355,0.9416965821485118,-0.9416965821485118,0.7995900589021114,-0.7995900589021114,1.5646967316604727,-0.5465357250000211,-0.5310850045437943,-0.3692744729379982,-0.4034732923929645,-0.8864052604279183,0.8864052604279182
-0.15589236749444887,-1.0566038241290423,0.029221367392864246,-0.13564147012789018,-0.1477559092368025,-0.26881555906963234,0.05652773124481463,-0.32937185429478666,-0.3076437688899537,-0.18985185077535055,-0.21430240683567076,-0.26941476727319214,-0.26869811779578945,-0.3191971059593589,-0.22920214280255308,-0.12076629005452955,-0.9475024759070511,0,1.6870547845739468,-0.8509629433967629,-0.6859943405700355,-1.061913167103641,1.061913167103641,-1.2506408613597126,1.2506408613597126,-0.6391014819458268,-0.5465357250000211,-0.5310850045437943,-0.3692744729379982,2.4784787961282104,-0.8864052604279183,0.8864052604279182
-1.2298175657895412,-0.22517786415864838,-1.047391794668392,-0.9660994505027277,-0.11297513041763656,-0.2669593544081931,0.2611530027192567,-0.21762201240902315,0.44378374966561585,-0.1886166818458432,-0.21428270868760466,-0.27193123073149844,-0.30847043357155657,-0.6738605570253133,-0.22630622624086313,-0.08201035580996943,1.7766483090078438,0,-0.5927489783638191,-0.8509629433967629,1.4577379737113252,0.9416965821485118,-0.9416965821485118,0.7995900589021114,-0.7995900589021114,-0.6391014819458268,-0.5465357250000211,1.8829377433825434,-0.3692744729379982,-0.4034732923929645,-0.8864052604279183,0.8864052604279182
-1.6455305457747382,0.6755335924759451,1.7497556944059518,0.9716358370385599,0.23941209471631816,-0.25210971711667907,0.005371413376204125,-0.2647537362505901,-0.1962954685086109,-0.18981392016793994,-0.21443794929352555,-0.24120690433038475,-0.29382508834495613,0.03546634510659547,-0.20313889374734362,-0.11109731312518474,-0.2678985552280138,0,-0.5927489783638191,1.1751393027860062,-0.6859943405700355,-1.061913167103641,1.061913167103641,0.7995900589021114,-0.7995900589021114,1.5646967316604727,-0.5465357250000211,-0.5310850045437943,-0.3692744729379982,-0.4034732923929645,-0.8864052604279183,0.8864052604279182
0.46767710248334665,1.3337458107858404,-1.298702803090533,0.4179971834553349,-0.14394174141830662,-0.2948024243297819,-0.6596607189157324,-0.36608912858249343,-0.5032373711740097,-0.1902679300099671,-0.21467941462975995,3.365132143661915,4.235024943619602,0.03546634510659547,-0.2697449746662122,-0.13181584311890995,-1.7226385229995345,0,1.6870547845739468,-0.8509629433967629,-0.6859943405700355,0.9416965821485118,-0.9416965821485118,0.7995900589021114,-0.7995900589021114,-0.6391014819458268,-0.5465357250000211,1.8829377433825434,-0.3692744729379982,-0.4034732923929645,1.1281521496355325,-1.1281521496355325
0.9526755791327431,0.3983916058191471,-0.02162713781068239,-0.9660994505027277,-0.49499676077940985,4.542466923380907,-0.6596607189157324,0.6305457119934832,-0.5032373711740097,0.18529241312302827,2.1013622332017223,-0.32075908580804485,-0.3325298538974753,2.518110502568276,1.0681684768345399,-0.13269693813791958,-1.1075813450587506,2,-0.5927489783638191,1.1751393027860062,-0.6859943405700355,0.9416965821485118,-0.9416965821485118,0.7995900589021114,-0.7995900589021114,-0.6391014819458268,-0.5465357250000211,1.8829377433825434,-0.3692744729379982,-0.4034732923929645,-0.8864052604279183,0.8864052604279182
-0.12124961916234912,0.017321374166049876,-0.6508374144646322,0.4179971834553349,-0.14898527494119235,-0.25953453576243607,0.798294340339667,-0.3296735323045332,-0.21046092273644354,-0.1897704136959055,-0.2140633064999201,-0.2891758832132823,-0.29244217152265456,-0.6738605570253133,-0.2147225599941034,-0.12447524870636432,-1.2082318270181525,0,-0.5927489783638191,-0.8509629433967629,1.4577379737113252,-1.061913167103641,1.061913167103641,0.7995900589021114,-0.7995900589021114,1.5646967316604727,-0.5465357250000211,-0.5310850045437943,-0.3692744729379982,-0.4034732923929645,-0.8864052604279183,0.8864052604279182
-0.9526755791327431,1.5069595524463393,-0.9785277813319326,0.9716358370385599,6.309518811098722,0.0807696521680933,0.31230932058786715,0.7351427245467046,-0.5032373711740097,-0.18987741968233107,-0.2145041037733833,-0.2671900318473854,-0.28658208304588645,-0.6738605570253133,0.31619547631571887,-0.1069375185014472,-1.7377233022324143,3,-0.5927489783638191,1.1751393027860062,-0.6859943405700355,0.9416965821485118,-0.9416965821485118,-1.2506408613597126,1.2506408613597126,-0.6391014819458268,-0.5465357250000211,-0.5310850045437943,2.7080128015453204,-0.4034732923929645,1.1281521496355325,-1.1281521496355325
-1.4723168041142394,-0.9873183274648429,1.0135183753529227,1.2484551638301724,-0.26728461764678757,-0.2626282101981682,-0.07136306342671163,-0.2995013591848065,-0.267371880802535,-0.1892785904160636,-0.21406655559642462,-0.28900980266762105,-0.30971717061727594,-0.6738605570253133,-0.21954908759691993,-0.11420723954713181,-0.486458411758879,0,-0.5927489783638191,1.1751393027860062,-0.6859943405700355,0.9416965821485118,-0.9416965821485118,0.7995900589021114,-0.7995900589021114,1.5646967316604727,-0.5465357250000211,-0.5310850045437943,-0.3692744729379982,-0.4034732923929645,-0.8864052604279183,0.8864052604279182
1.2644603141216408,-1.6108877974426383,-0.9526238258508806,0.9716358370385599,0.27288647126181187,-0.27190923350536444,0.15884036698203566,-0.27177321515853403,0.14456522279780423,-0.18972456388975928,-0.214512568600813,-0.2067224005079042,-0.26018003293060615,0.03546634510659547,-0.23402867040536965,-0.09417106254062724,0.92186198502549,0,1.6870547845739468,-0.8509629433967629,-0.6859943405700355,0.9416965821485118,-0.9416965821485118,0.7995900589021114,-0.7995900589021114,-0.6391014819458268,1.8297065576087663,-0.5310850045437943,-0.3692744729379982,-0.4034732923929645,-0.8864052604279183,0.8864052604279182
0.9873183274648429,1.0566038241290423,-0.05339412848291907,1.525274490621785,-0.3598693515203814,-0.24282869380948283,0.2611530027192567,-0.1370258902109299,0.28714514650809964,-0.184684593482121,-0.2130568009040485,-0.30871267222618554,-0.3141726563116089,-0.6738605570253133,-0.18865931093889393,-0.09073834924692259,1.1631494192021388,0,1.6870547845739468,-0.8509629433967629,-0.6859943405700355,0.9416965821485118,-0.9416965821485118,-1.2506408613597126,1.2506408613597126,1.5646967316604727,-0.5465357250000211,-0.5310850045437943,-0.3692744729379982,-0.4034732923929645,-0.8864052604279183,0.8864052604279182
1.5069595524463393,-1.40303130745004,1.1375482198064373,-1.5197381040859528,-0.2075739412324197,-0.25705959621385044,0.1332622080477304,-0.19052345727265654,0.21210027153477015,-0.18809593338017744,-0.21408199035356001,-0.28819638499788164,-0.2896437619069395,0.03546634510659547,-0.21086133791185013,-0.08849090766719629,1.321105253641517,0,-0.5927489783638191,1.1751393027860062,-0.6859943405700355,0.9416965821485118,-0.9416965821485118,0.7995900589021114,-0.7995900589021114,1.5646967316604727,-0.5465357250000211,-0.5310850045437943,-0.3692744729379982,-0.4034732923929645,1.1281521496355325,-1.1281521496355325
1.7148160424389376,1.1951748174574415,-1.493515472397622,0.6948165102469473,-0.023254645425449746,-0.2582970659881433,0.5680909099309197,-0.31232486067157056,-0.15191275136763777,-0.18977722849442166,-0.21425458738266262,-0.2751243885030514,-0.2839958145250598,0.03546634510659547,-0.21279194895297676,-0.12009690160904436,-0.9004662565326189,0,-0.5927489783638191,-0.8509629433967629,1.4577379737113252,-1.061913167103641,1.061913167103641,0.7995900589021114,-0.7995900589021114,1.5646967316604727,-0.5465357250000211,-0.5310850045437943,-0.3692744729379982,-0.4034732923929645,1.1281521496355325,-1.1281521496355325
-1.680173294106838,-0.5023198508154464,-1.4882920410454756,0.4179971834553349,-0.48149343727104327,-0.27438417305395013,-0.608504401047122,-0.3059961806844956,-0.474390384612054,-0.1825133780385884,-0.2112450870807179,-0.3150660967931295,-0.3234013945187394,-0.3191971059593589,-0.2378898924876229,-0.10583122637097361,0.10233605521932915,0,-0.5927489783638191,1.1751393027860062,-0.6859943405700355,-1.061913167103641,1.061913167103641,0.7995900589021114,-0.7995900589021114,1.5646967316604727,-0.5465357250000211,-0.5310850045437943,-0.3692744729379982,-0.4034732923929645,1.1281521496355325,-1.1281521496355325
0.9180328308006434,0.7101763408080449,0.305743427137099,-0.9660994505027277,0.30467912304990497,-0.2731467032796573,-0.04578490449240638,-0.2704331526949496,0.016880380982855464,-0.18978915122003626,-0.21454298524944732,-0.1822502313094257,-0.25463569520246654,0.03546634510659547,-0.23595928144649628,-0.09130720887696966,1.1231766200621462,0,-0.5927489783638191,1.1751393027860062,-0.6859943405700355,0.9416965821485118,-0.9416965821485118,0.7995900589021114,-0.7995900589021114,-0.6391014819458268,-0.5465357250000211,1.8829377433825434,-0.3692744729379982,-0.4034732923929645,-0.8864052604279183,0.8864052604279182
1.1951748174574415,0.8487473341364439,-0.19874410090437786,-0.13564147012789018,-0.4459241677052691,-0.2811902568125607,-0.5573480831785115,-0.31037488397088975,-0.42411725874066303,-0.18740533078052038,-0.2137582579718043,-0.29958003405351297,-0.3099253375384183,-0.6738605570253133,-0.24850825321381934,-0.0950952811112939,0.856993407117513,0,-0.5927489783638191,-0.8509629433967629,1.4577379737113252,0.9416965821485118,-0.9416965821485118,0.7995900589021114,-0.7995900589021114,-0.6391014819458268,-0.5465357250000211,1.8829377433825434,-0.3692744729379982,-0.4034732923929645,1.1281521496355325,-1.1281521496355325
-0.8833900824685437,1.2991030624537407,1.3680721034598327,-1.5197381040859528,-0.3068762753698013,-0.11413183728302809,0.8750288171425827,-0.08706976065492397,-0.03782389828392537,-0.18608079383344353,-0.21122910544160625,-0.3150924996092759,-0.3241081424658359,0.03546634510659547,0.012124237338275216,-0.11921845864912294,-0.8387426727092674,1,-0.5927489783638191,-0.8509629433967629,1.4577379737113252,-1.061913167103641,1.061913167103641,-1.2506408613597126,1.2506408613597126,-0.6391014819458268,-0.5465357250000211,-0.5310850045437943,-0.3692744729379982,2.4784787961282104,-0.8864052604279183,0.8864052604279182
1.4376740557821397,-1.1605320691253416,0.2944437593140886,-0.6892801237111152,-0.05669772964323019,-0.27685911260253576,-0.1992538580982379,-0.28718721259855673,-0.11697960231080928,-0.18957993573428308,-0.21447918576166206,-0.22524481652148032,-0.2459420613833182,-0.3191971059593589,-0.24175111456987614,-0.09173304721554633,1.0932892862213035,0,1.6870547845739468,-0.8509629433967629,-0.6859943405700355,0.9416965821485118,-0.9416965821485118,0.7995900589021114,-0.7995900589021114,-0.6391014819458268,1.8297065576087663,-0.5310850045437943,-0.3692744729379982,-0.4034732923929645,1.1281521496355325,-1.1281521496355325
-0.2598206124907481,0.9180328308006434,1.0767858550977967,-1.5197381040859528,-0.23572318161261333,-0.2657218846339003,-0.3783009706383747,-0.2828872079234008,-0.3476843116193801,-0.18933472863630693,-0.21426183982149977,-0.27434151587359906,-0.30197219341111503,-0.3191971059593589,-0.2243756151997365,-0.10641211325609963,0.061442162049875675,0,-0.5927489783638191,-0.8509629433967629,1.4577379737113252,-1.061913167103641,1.061913167103641,-1.2506408613597126,1.2506408613597126,-0.6391014819458268,-0.5465357250000211,-0.5310850045437943,-0.3692744729379982,2.4784787961282104,1.1281521496355325,-1.1281521496355325
0.12124961916234912,-1.2644603141216408,-0.24612808531313357,1.2484551638301724,-0.49948066856709,1.1814990164015693,-0.6596607189157324,0.7809606187950998,-0.5032373711740097,1.2380181967717117,2.121715218857285,-0.3207374421578514,-0.33251734999264765,1.0994566983044587,0.5063606638666915,-0.12693054033344994,-0.29672156823793744,2,-0.5927489783638191,-0.8509629433967629,1.4577379737113252,-1.061913167103641,1.061913167103641,-1.2506408613597126,1.2506408613597126,-0.6391014819458268,1.8297065576087663,-0.5310850045437943,-0.3692744729379982,-0.4034732923929645,-0.8864052604279183,0.8864052604279182
-0.9873183274648429,0.5716053474796459,-0.10333652824782809,0.4179971834553349,-0.003413134778492882,-0.2422099589223364,0.6192472277995302,-0.22854144471832866,0.14860486866428413,-0.18920971722925922,-0.21416464687566936,-0.2830187960035127,-0.29077586861326027,-0.6738605570253133,-0.18769400541833062,-0.10862733527036601,-0.09427259892775515,0,1.6870547845739468,-0.8509629433967629,-0.6859943405700355,-1.061913167103641,1.061913167103641,-1.2506408613597126,1.2506408613597126,-0.6391014819458268,1.8297065576087663,-0.5310850045437943,-0.3692744729379982,-0.4034732923929645,-0.8864052604279183,0.8864052604279182
-1.4376740557821397,-0.3637488574870474,0.27781405949909227,0.9716358370385599,-0.42552169691825986,-0.2886150754583177,-0.5829262421128167,-0.353661306224455,-0.4752445828569484,-0.18975699942485472,-0.21433346970000422,-0.2648730003987052,-0.2869998503379199,-0.3191971059593589,-0.2600919194605791,-0.11606061078081212,-0.6165729305496649,0,1.6870547845739468,-0.8509629433967629,-0.6859943405700355,-1.061913167103641,1.061913167103641,0.7995900589021114,-0.7995900589021114,-0.6391014819458268,1.8297065576087663,-0.5310850045437943,-0.3692744729379982,-0.4034732923929645,-0.8864052604279183,0.8864052604279182
1.680173294106838,0.15589236749444887,0.8190788082852727,-1.5197381040859528,0.04479179207101646,-0.29418368944263545,-0.6596607189157324,-0.36291932340761995,-0.5032373711740097,-0.19025429692258097,-0.21467776871215855,2.4951632711754184,3.084410323822958,0.03546634510659547,-0.26877966914564894,-0.10741677882966279,-0.008319932661911231,0,-0.5927489783638191,-0.8509629433967629,1.4577379737113252,0.9416965821485118,-0.9416965821485118,0.7995900589021114,-0.7995900589021114,-0.6391014819458268,-0.5465357250000211,-0.5310850045437943,-0.3692744729379982,2.4784787961282104,-0.8864052604279183,0.8864052604279182
-1.1605320691253416,1.7148160424389376,1.3802778767214807,-1.2429187772943402,0.2845553957642384,-0.29109001500690335,-0.6596607189157324,-0.3514949083428691,-0.5032373711740097,-0.19022361992844483,-0.21466778043576484,0.8369392858745552,1.1177072942601631,-0.3191971059593589,-0.26395314154283234,-0.10031047804858517,0.49050873917417454,0,-0.5927489783638191,1.1751393027860062,-0.6859943405700355,-1.061913167103641,1.061913167103641,-1.2506408613597126,1.2506408613597126,-0.6391014819458268,-0.5465357250000211,1.8829377433825434,-0.3692744729379982,-0.4034732923929645,1.1281521496355325,-1.1281521496355325
1.2298175657895412,-1.0912465724611422,-1.5006044149469633,0.6948165102469473,-0.23868661854834128,-0.2626282101981682,-0.6340825599814273,-0.24501568733753315,-0.48462296775401853,-0.18913011192638293,-0.21429331332682697,-0.27060794770810714,-0.30799128371842,0.03546634510659547,-0.21954908759691993,-0.09742022920268846,0.6935062751837773,0,1.6870547845739468,-0.8509629433967629,-0.6859943405700355,0.9416965821485118,-0.9416965821485118,0.7995900589021114,-0.7995900589021114,1.5646967316604727,-0.5465357250000211,-0.5310850045437943,-0.3692744729379982,-0.4034732923929645,-0.8864052604279183,0.8864052604279182
-0.8487473341364439,-0.7101763408080449,-0.4166891090566862,0.9716358370385599,0.23562396570301952,-0.26200947531102176,0.15884036698203566,-0.24988188479909754,0.05822001687639219,-0.18965994259355903,-0.21446252060040488,-0.23240895813438334,-0.28468680942632024,-0.3191971059593589,-0.21858378207635662,-0.09958330983004263,0.5414475717279313,0,1.6870547845739468,-0.8509629433967629,-0.6859943405700355,-1.061913167103641,1.061913167103641,0.7995900589021114,-0.7995900589021114,1.5646967316604727,-0.5465357250000211,-0.5310850045437943,-0.3692744729379982,-0.4034732923929645,1.1281521496355325,-1.1281521496355325
-0.4330343541512469,-0.15589236749444887,-0.5388534423130058,1.525274490621785,0.1330703487149268,-0.2378788147123115,1.2331230422228563,-0.319082010875387,-0.19757676587595255,-0.18994564324838487,-0.21418347183623312,-0.28160087824018704,-0.27651917125109654,-0.6738605570253133,-0.18093686677438742,-0.12649310658875262,-1.3500886832356513,0,-0.5927489783638191,1.1751393027860062,-0.6859943405700355,0.9416965821485118,-0.9416965821485118,-1.2506408613597126,1.2506408613597126,-0.6391014819458268,-0.5465357250000211,-0.5310850045437943,-0.3692744729379982,2.4784787961282104,-0.8864052604279183,0.8864052604279182
-1.36838855911794,0.46767710248334665,-1.2152878024159517,-0.6892801237111152,-0.46580473610025275,-0.24654110313236133,-0.3015664938354589,-0.32771918345878365,-0.4476255062720285,-0.18718290207112429,-0.20971248811159207,-0.3168257708529211,-0.3310887640383011,-0.6738605570253133,-0.1944511440622738,-0.1268101686980988,-1.3723425595226444,0,-0.5927489783638191,1.1751393027860062,-0.6859943405700355,0.9416965821485118,-0.9416965821485118,-1.2506408613597126,1.2506408613597126,-0.6391014819458268,-0.5465357250000211,-0.5310850045437943,-0.3692744729379982,2.4784787961282104,-0.8864052604279183,0.8864052604279182
1.2991030624537407,0.6408908441438455,-1.1967392910838404,1.2484551638301724,-0.36632004629826426,-0.26448441485960744,-0.506191765309901,-0.25585204889053165,-0.3953770469593192,-0.18805179354851376,-0.21389534219764866,-0.29589938624912215,-0.3171018485852074,0.03546634510659547,-0.22244500415860988,-0.0987174886646676,0.6023133673309978,0,-0.5927489783638191,1.1751393027860062,-0.6859943405700355,-1.061913167103641,1.061913167103641,0.7995900589021114,-0.7995900589021114,-0.6391014819458268,-0.5465357250000211,-0.5310850045437943,-0.3692744729379982,2.4784787961282104,-0.8864052604279183,0.8864052604279182
0.08660687083024937,-1.2991030624537407,1.2302374761470742,-0.13564147012789018,0.2004937881427804,-0.2453036333580685,-0.4806136063755957,-0.1695699520304757,-0.36487505129788056,-0.18953165247078715,-0.21444597211219993,-0.238533366277007,-0.2974826581698356,-0.3191971059593589,-0.19252053302114716,-0.09512475837856271,0.8548350718128904,0,-0.5927489783638191,1.1751393027860062,-0.6859943405700355,0.9416965821485118,-0.9416965821485118,0.7995900589021114,-0.7995900589021114,-0.6391014819458268,-0.5465357250000211,-0.5310850045437943,2.7080128015453204,-0.4034732923929645,1.1281521496355325,-1.1281521496355325
-1.7148160424389376,0.4330343541512469,0.07186162332875241,-0.6892801237111152,0.3014895292399191,-0.24901604268094701,-0.45503544744129043,-0.30751331502336604,-0.45221682183833606,-0.19007297567729997,-0.21448786609476325,-0.22103285593995828,-0.17814167203336748,-0.3191971059593589,-0.19831236614452705,-0.12198576911295136,-1.0332447650040146,0,1.6870547845739468,-0.8509629433967629,-0.6859943405700355,-1.061913167103641,1.061913167103641,-1.2506408613597126,1.2506408613597126,-0.6391014819458268,-0.5465357250000211,-0.5310850045437943,-0.3692744729379982,2.4784787961282104,-0.8864052604279183,0.8864052604279182
0.7448190891401446,-0.8141045858043442,1.668792508447684,1.2484551638301724,-0.2446861802317699,-0.28366519636114634,-0.2504101759668484,-0.3604228285733403,-0.463161236851046,-0.19016753280039575,-0.21442510968629952,-0.2451417886550847,-0.22335741553930347,0.03546634510659547,-0.25236947529607257,-0.12975356250472422,-1.5791843615306174,0,-0.5927489783638191,1.1751393027860062,-0.6859943405700355,0.9416965821485118,-0.9416965821485118,-1.2506408613597126,1.2506408613597126,-0.6391014819458268,-0.5465357250000211,-0.5310850045437943,2.7080128015453204,-0.4034732923929645,1.1281521496355325,-1.1281521496355325
1.1258893207932419,-1.7148160424389376,-1.2988627040502925,0.14117785666372232,-0.446129674153185,0.043026824052161856,-0.6596607189157324,-0.1390086579996266,1.301114054791326,-0.17060313605736108,-0.19584510148531772,-0.3172116400479457,-0.32908407901793935,2.1634470515023216,-0.19252053302114716,-0.12137749995010576,1.2878944840893523,5,-0.5927489783638191,1.1751393027860062,-0.6859943405700355,0.9416965821485118,-0.9416965821485118,-1.2506408613597126,1.2506408613597126,1.5646967316604727,-0.5465357250000211,-0.5310850045437943,-0.3692744729379982,-0.4034732923929645,1.1281521496355325,-1.1281521496355325
0.3983916058191471,-0.5716053474796459,-1.1205198335984403,-1.5197381040859528,-0.4469704232300937,-0.2589158008752897,0.7471380224710564,-0.3333614366700584,-0.2535089551197691,-0.18744055311945126,-0.21069776268826482,-0.3158498111750073,-0.32761478794454246,-0.6738605570253133,-0.21375725447354008,-0.1256705943775699,-1.2922581380517109,0,1.6870547845739468,-0.8509629433967629,-0.6859943405700355,0.9416965821485118,-0.9416965821485118,-1.2506408613597126,1.2506408613597126,-0.6391014819458268,1.8297065576087663,-0.5310850045437943,-0.3692744729379982,-0.4034732923929645,-0.8864052604279183,0.8864052604279182
-0.3637488574870474,-0.6755335924759451,0.6300758738494483,-0.13564147012789018,-0.49754800462725834,-0.24654110313236133,0.3378874795221724,-0.12418708621642514,0.4696232465736724,0.035579516675020136,-0.15674037425372303,-0.32043616547861525,-0.3323143393774452,0.03546634510659547,-0.1944511440622738,-0.08473995516381072,1.5847733985530978,4,1.6870547845739468,-0.8509629433967629,-0.6859943405700355,-1.061913167103641,1.061913167103641,-1.2506408613597126,1.2506408613597126,-0.6391014819458268,-0.5465357250000211,1.8829377433825434,-0.3692744729379982,-0.4034732923929645,1.1281521496355325,-1.1281521496355325
0.6408908441438455,1.6455305457747382,-0.5283532792887934,1.525274490621785,-0.10443014019540478,-0.23973501937375075,0.4913564331280039,-0.2507628720304589,-0.03309021634346873,-0.18921192685061602,-0.21403710424214428,-0.2904543285433603,-0.2950305137161253,-0.3191971059593589,-0.18383278333607736,-0.11382126051833179,-0.45937506854279897,0,-0.5927489783638191,-0.8509629433967629,1.4577379737113252,0.9416965821485118,-0.9416965821485118,0.7995900589021114,-0.7995900589021114,1.5646967316604727,-0.5465357250000211,-0.5310850045437943,-0.3692744729379982,-0.4034732923929645,-0.8864052604279183,0.8864052604279182
-0.6755335924759451,-1.6455305457747382,-0.27800167662520997,-0.6892801237111152,-0.24738672240026727,-0.2948024243297819,-0.6596607189157324,-0.3641610126071566,-0.5032373711740097,-0.1902490433812425,-0.21467724525126755,2.298544931459568,3.6352114459280984,0.03546634510659547,-0.2697449746662122,-0.1003308764720687,0.48929686783252124,0,-0.5927489783638191,-0.8509629433967629,1.4577379737113252,0.9416965821485118,-0.9416965821485118,-1.2506408613597126,1.2506408613597126,-0.6391014819458268,1.8297065576087663,-0.5310850045437943,-0.3692744729379982,-0.4034732923929645,-0.8864052604279183,0.8864052604279182
0.017321374166049876,1.2644603141216408,1.2919059462943525,0.4179971834553349,0.032719933854269176,-0.25458465666526475,0.6192472277995302,-0.1699153514909102,0.7076954157444576,-0.1887040293015021,-0.2142711401376377,-0.27329740446216194,-0.2789416344973462,-0.3191971059593589,-0.20700011582959688,-0.08619753861151003,1.482304931809407,0,-0.5927489783638191,-0.8509629433967629,1.4577379737113252,-1.061913167103641,1.061913167103641,0.7995900589021114,-0.7995900589021114,-0.6391014819458268,-0.5465357250000211,1.8829377433825434,-0.3692744729379982,-0.4034732923929645,1.1281521496355325,-1.1281521496355325
-0.7448190891401446,-0.12124961916234912,0.7916824438464645,-0.9660994505027277,-0.4000675478170393,-0.29170874989404977,-0.608504401047122,-0.35360884048362956,-0.4688914834105461,-0.1898657117173503,-0.21453442343961376,-0.19014028690312493,-0.15308127043374298,-0.6738605570253133,-0.2649184470633957,-0.10032195216179465,0.4898372458442619,0,-0.5927489783638191,-0.8509629433967629,1.4577379737113252,0.9416965821485118,-0.9416965821485118,-1.2506408613597126,1.2506408613597126,-0.6391014819458268,-0.5465357250000211,1.8829377433825434,-0.3692744729379982,-0.4034732923929645,-0.8864052604279183,0.8864052604279182
-0.32910610915494765,-0.4330343541512469,-1.0036855323341067,0.9716358370385599,0.24399718689149086,-0.2923274847811962,-0.6596607189157324,-0.35336618643231166,-0.5032373711740097,-0.19022722334604386,-0.2146719674469289,1.2163885497487312,0.9351851838155578,0.03546634510659547,-0.26588375258395897,-0.09263455129172973,1.0299314839228997,0,-0.5927489783638191,-0.8509629433967629,1.4577379737113252,-1.061913167103641,1.061913167103641,0.7995900589021114,-0.7995900589021114,-0.6391014819458268,-0.5465357250000211,1.8829377433825434,-0.3692744729379982,-0.4034732923929645,1.1281521496355325,-1.1281521496355325
1.0912465724611422,-1.4723168041142394,1.879382072451052,0.14117785666372232,-0.28693747592116814,-0.26139074042387533,0.15884036698203566,-0.35278687721069685,-0.439386052368151,-0.19002828757505322,-0.21391224077247878,-0.29535522752071575,-0.2986846689302374,-0.3191971059593589,-0.2176184765557933,-0.1307756993697278,-1.6510778944432196,0,-0.5927489783638191,-0.8509629433967629,1.4577379737113252,0.9416965821485118,-0.9416965821485118,0.7995900589021114,-0.7995900589021114,-0.6391014819458268,-0.5465357250000211,-0.5310850045437943,-0.3692744729379982,2.4784787961282104,1.1281521496355325,-1.1281521496355325
1.0566038241290423,1.5762450491105386,0.8634779747785162,0.4179971834553349,-0.09081173163483887,-0.2675780892953395,0.44020011525939345,-0.33100485047798006,-0.22891516398551698,-0.18986230143287472,-0.2142765796418645,-0.2726646788498392,-0.27171499898364954,-0.6738605570253133,-0.22727153176142645,-0.12198165884737608,-1.0329718246091633,0,-0.5927489783638191,-0.8509629433967629,1.4577379737113252,-1.061913167103641,1.061913167103641,-1.2506408613597126,1.2506408613597126,1.5646967316604727,-0.5465357250000211,-0.5310850045437943,-0.3692744729379982,-0.4034732923929645,-0.8864052604279183,0.8864052604279182
-1.0912465724611422,0.9526755791327431,-1.1336317122987258,0.9716358370385599,-0.4469110497473404,-0.24159122403519,0.5680909099309197,-0.2125568823468288,0.1871327686683767,-0.17967025663829,-0.20996846126713176,-0.3166114258527681,-0.3302288259651173,0.03546634510659547,-0.1867286998977673,-0.10592767502793535,0.09547874030863994,4,-0.5927489783638191,-0.8509629433967629,1.4577379737113252,-1.061913167103641,1.061913167103641,-1.2506408613597126,1.2506408613597126,-0.6391014819458268,1.8297065576087663,-0.5310850045437943,-0.3692744729379982,-0.4034732923929645,-0.8864052604279183,0.8864052604279182
0.2944633608228479,-0.19053511582654864,-1.2272270740780005,-1.2429187772943402,0.2623920336732353,-0.2384975495994579,-0.4806136063755957,-0.3246805426359739,-0.47748685324979634,-0.19012722453527672,-0.21443789395709215,-0.24122474127382018,-0.22192013762443216,-0.6738605570253133,-0.18190217229495073,-0.12739695736503284,-1.4135967832046288,0,-0.5927489783638191,-0.8509629433967629,1.4577379737113252,-1.061913167103641,1.061913167103641,-1.2506408613597126,1.2506408613597126,-0.6391014819458268,-0.5465357250000211,-0.5310850045437943,-0.3692744729379982,2.4784787961282104,-0.8864052604279183,0.8864052604279182
-1.6108877974426383,1.36838855911794,0.8829325915492652,1.2484551638301724,-0.39952747331196375,-0.271290498618218,-0.6596607189157324,-0.2774373290951528,-0.5032373711740097,-0.188157321504163,-0.2139558222549763,-0.29383539822876864,-0.31039974878533233,-0.6738605570253133,-0.23306336488480633,-0.09758401953541043,0.6819991969242056,0,-0.5927489783638191,-0.8509629433967629,1.4577379737113252,0.9416965821485118,-0.9416965821485118,-1.2506408613597126,1.2506408613597126,1.5646967316604727,-0.5465357250000211,-0.5310850045437943,-0.3692744729379982,-0.4034732923929645,-0.8864052604279183,0.8864052604279182
1.541602300778439,-0.08660687083024937,-0.992492465150936,0.6948165102469473,-0.07205054405181127,-0.2422099589223364,0.1844185259163409,-0.20366612534944228,0.004690260196341193,-0.18899975979308614,-0.21415691193495237,-0.2835720845719082,-0.3140667491295035,-0.6738605570253133,-0.18769400541833062,-0.10390390032666318,0.23773869395648692,0,-0.5927489783638191,1.1751393027860062,-0.6859943405700355,0.9416965821485118,-0.9416965821485118,-1.2506408613597126,1.2506408613597126,-0.6391014819458268,-0.5465357250000211,-0.5310850045437943,2.7080128015453204,-0.4034732923929645,-0.8864052604279183,0.8864052604279182
0.8833900824685437,1.6108877974426383,-1.1691830256852727,-0.6892801237111152,0.22988377265040563,-0.2849026661354392,-0.3271446527697642,-0.3529508326507765,-0.420326754028944,-0.19019130086425842,-0.21460661456140326,-0.06943174843776441,-0.15900039585630915,-0.3191971059593589,-0.2543000863371992,-0.1219848229210187,-1.03308796066427,0,-0.5927489783638191,1.1751393027860062,-0.6859943405700355,-1.061913167103641,1.061913167103641,0.7995900589021114,-0.7995900589021114,1.5646967316604727,-0.5465357250000211,-0.5310850045437943,-0.3692744729379982,-0.4034732923929645,-0.8864052604279183,0.8864052604279182
-1.2991030624537407,-0.46767710248334665,-0.17289344574324567,0.14117785666372232,-0.4814443337449893,-0.24035375426089717,1.1819667243542458,-0.10378884339798075,1.2253573479472513,-0.13270553676346422,-0.19933964178064956,-0.31949537464052147,-0.3313600443098247,0.03546634510659547,-0.18479808885664067,-0.08661958833922084,1.4526522297274305,4,-0.5927489783638191,1.1751393027860062,-0.6859943405700355,-1.061913167103641,1.061913167103641,0.7995900589021114,-0.7995900589021114,-0.6391014819458268,-0.5465357250000211,-0.5310850045437943,2.7080128015453204,-0.4034732923929645,1.1281521496355325,-1.1281521496355325
0.7101763408080449,-0.9180328308006434,-0.6693859257967435,-1.5197381040859528,0.13338813960266363,-0.2780965823768286,-0.42945728850698517,-0.3127839359037936,-0.3632912253854721,-0.18999945289213444,-0.2145737378801628,-0.14387331407746395,-0.25358975550320023,-0.6738605570253133,-0.24368172561100276,-0.10358607894392144,0.26016058764261457,0,-0.5927489783638191,1.1751393027860062,-0.6859943405700355,-1.061913167103641,1.061913167103641,0.7995900589021114,-0.7995900589021114,-0.6391014819458268,-0.5465357250000211,-0.5310850045437943,-0.3692744729379982,2.4784787961282104,-0.8864052604279183,0.8864052604279182
-1.2644603141216408,0.19053511582654864,-0.2522576221039175,0.6948165102469473,-0.34750671331389843,-0.24344742869662925,0.5680909099309197,-0.20756170660573506,0.23502125777277072,-0.18634403275932948,-0.21305144718269853,-0.30875221110123907,-0.32013085065225577,-0.6738605570253133,-0.18962461645945725,-0.10392629177793136,0.23616448003307625,0,-0.5927489783638191,-0.8509629433967629,1.4577379737113252,-1.061913167103641,1.061913167103641,0.7995900589021114,-0.7995900589021114,1.5646967316604727,-0.5465357250000211,-0.5310850045437943,-0.3692744729379982,-0.4034732923929645,-0.8864052604279183,0.8864052604279182
1.0219610757969426,-0.8487473341364439,0.4967184734099581,-0.13564147012789018,0.08160195673254238,-0.2737654381668037,0.15884036698203566,-0.3110263335861396,-0.09206548683472172,-0.18982975994121143,-0.21446588033062447,-0.23105245742772465,-0.1918800871211,-0.6738605570253133,-0.2369245869670596,-0.10900424046915688,-0.12073833479535732,0,1.6870547845739468,-0.8509629433967629,-0.6859943405700355,0.9416965821485118,-0.9416965821485118,0.7995900589021114,-0.7995900589021114,-0.6391014819458268,1.8297065576087663,-0.5310850045437943,-0.3692744729379982,-0.4034732923929645,1.1281521496355325,-1.1281521496355325
-1.1951748174574415,-1.1951748174574415,-1.0670596127188205,0.14117785666372232,0.7084537807317893,-0.29356495455548903,-0.6596607189157324,1.481951009819429,-0.5032373711740097,-0.1865686076332843,-0.21468001976784643,6.966643745771471,4.906269987087857,-0.6738605570253133,-0.2678143636250856,9.925334478036346,-0.4941373739223876,3,-0.5927489783638191,-0.8509629433967629,1.4577379737113252,-1.061913167103641,1.061913167103641,0.7995900589021114,-0.7995900589021114,1.5646967316604727,-0.5465357250000211,-0.5310850045437943,-0.3692744729379982,-0.4034732923929645,1.1281521496355325,-1.1281521496355325
-1.40303130745004,0.9873183274648429,-1.3245534582516652,-1.5197381040859528,0.3475503225464857,-0.2750029079410965,-0.12251938129532214,-0.33831070488792986,-0.35839738127409776,-0.19013861098315127,-0.21456360347534215,-0.1586728274801752,-0.17516911293777077,0.03546634510659547,-0.23885519800818622,-0.12094338896503833,-0.9599887814974909,0,-0.5927489783638191,-0.8509629433967629,1.4577379737113252,-1.061913167103641,1.061913167103641,-1.2506408613597126,1.2506408613597126,1.5646967316604727,-0.5465357250000211,-0.5310850045437943,-0.3692744729379982,-0.4034732923929645,1.1281521496355325,-1.1281521496355325
1.40303130745004,0.6062480958117457,1.7374966208243838,-1.2429187772943402,-0.281648962235896,-0.25025351245523986,-0.2504101759668484,-0.3293150164088924,-0.4373039441462208,-0.1897725509534894,-0.2139134981775222,-0.2953137840583536,-0.3038681006840127,-0.3191971059593589,-0.20024297718565368,-0.12651219571424763,-1.3514252869951338,0,1.6870547845739468,-0.8509629433967629,-0.6859943405700355,0.9416965821485118,-0.9416965821485118,0.7995900589021114,-0.7995900589021114,1.5646967316604727,-0.5465357250000211,-0.5310850045437943,-0.3692744729379982,-0.4034732923929645,1.1281521496355325,-1.1281521496355325
-0.08660687083024937,1.1605320691253416,-0.4565577483567417,0.6948165102469473,-0.497433876696806,2.160337607867201,-0.6596607189157324,1.2089236667086376,-0.5032373711740097,0.7654668216150141,1.6785961263244715,-0.32072872544817477,-0.3324974710395637,1.4541201493704128,0.35287708609712476,-0.12829799648136,0.8662838183804772,2,-0.5927489783638191,-0.8509629433967629,1.4577379737113252,0.9416965821485118,-0.9416965821485118,-1.2506408613597126,1.2506408613597126,-0.6391014819458268,-0.5465357250000211,-0.5310850045437943,-0.3692744729379982,2.4784787961282104,1.1281521496355325,-1.1281521496355325
-0.5369625991475462,0.32910610915494765,-1.0567726509742874,-1.5197381040859528,-0.24848987980972553,-0.27995278703826787,-0.17367569916393266,-0.30999450734990497,-0.1550804031924546,-0.1893205813936514,-0.21435343866393103,-0.2615035639187412,-0.2521151343045299,-0.6738605570253133,-0.2465776421726927,-0.09802110271295829,0.6512966987007149,0,-0.5927489783638191,1.1751393027860062,-0.6859943405700355,0.9416965821485118,-0.9416965821485118,0.7995900589021114,-0.7995900589021114,-0.6391014819458268,1.8297065576087663,-0.5310850045437943,-0.3692744729379982,-0.4034732923929645,-0.8864052604279183,0.8864052604279182
0.6062480958117457,0.7448190891401446,0.03860222369875964,0.4179971834553349,0.025336059509991814,-0.25396592177811833,-0.02020674555810113,-0.28202808141738334,-0.24735160943782178,-0.18973719417171858,-0.21435211483626293,-0.2617394592654041,-0.31201195078465516,-0.6738605570253133,-0.20603481030903356,-0.11424698029723089,-0.4892712185477817,0,-0.5927489783638191,1.1751393027860062,-0.6859943405700355,-1.061913167103641,1.061913167103641,0.7995900589021114,-0.7995900589021114,1.5646967316604727,-0.5465357250000211,-0.5310850045437943,-0.3692744729379982,-0.4034732923929645,-0.8864052604279183,0.8864052604279182
0.22517786415864838,0.08660687083024937,-1.544950281120287,0.6948165102469473,0.35244749280028265,-0.2750029079410965,-0.3783009706383747,-0.29829027500075145,-0.31878393766711854,-0.19001201583532792,-0.21458660266888654,-0.12068384092202951,-0.26065408012924124,0.03546634510659547,-0.23885519800818622,-0.10114055480420504,0.4319887553538445,0,-0.5927489783638191,1.1751393027860062,-0.6859943405700355,0.9416965821485118,-0.9416965821485118,0.7995900589021114,-0.7995900589021114,-0.6391014819458268,1.8297065576087663,-0.5310850045437943,-0.3692744729379982,-0.4034732923929645,-0.8864052604279183,0.8864052604279182
-1.1258893207932419,-1.1258893207932419,1.658505546703151,-0.13564147012789018,0.3419771088187858,-0.2626282101981682,-0.6340825599814273,-0.3041598797556034,-0.4936988241060219,-0.19008739777014788,-0.21456280299033603,-0.15973696777044924,-0.2286847071004445,0.03546634510659547,-0.21954908759691993,-0.11564234866225383,-0.587353326928473,0,1.6870547845739468,-0.8509629433967629,-0.6859943405700355,0.9416965821485118,-0.9416965821485118,0.7995900589021114,-0.7995900589021114,-0.6391014819458268,-0.5465357250000211,1.8829377433825434,-0.3692744729379982,-0.4034732923929645,-0.8864052604279183,0.8864052604279182
0.3637488574870474,-0.017321374166049876,1.1170275966372911,-1.2429187772943402,0.31953526265613696,-0.29170874989404977,-0.608504401047122,-0.3513484414830646,-0.4627519335253674,-0.19021045311874768,-0.2146661832870182,0.7373082323843927,0.4760445262776058,-0.6738605570253133,-0.2649184470633957,-0.09416864022783858,0.9222561490851768,0,-0.5927489783638191,1.1751393027860062,-0.6859943405700355,-1.061913167103641,1.061913167103641,0.7995900589021114,-0.7995900589021114,-0.6391014819458268,-0.5465357250000211,1.8829377433825434,-0.3692744729379982,-0.4034732923929645,-0.8864052604279183,0.8864052604279182
1.6455305457747382,-0.8833900824685437,0.736943015288768,-0.6892801237111152,-0.422670682201523,-0.25705959621385044,0.6192472277995302,-0.2831582809176658,0.04238175775230795,-0.18565108335007402,-0.2119762928712453,-0.31352483673111226,-0.3219618697340428,-0.6738605570253133,-0.21086133791185013,-0.11288897465448884,-0.39382574975852613,0,-0.5927489783638191,1.1751393027860062,-0.6859943405700355,0.9416965821485118,-0.9416965821485118,0.7995900589021114,-0.7995900589021114,-0.6391014819458268,1.8297065576087663,-0.5310850045437943,-0.3692744729379982,-0.4034732923929645,-0.8864052604279183,0.8864052604279182
0.7794618374722444,1.2298175657895412,-0.987535535398389,1.2484551638301724,-0.054953118373521175,-0.29418368944263545,-0.6340825599814273,-0.3613409790377864,-0.4831815082157592,-0.19022904540104515,-0.2146719451046196,1.2137048282745788,1.5907225390747128,0.03546634510659547,-0.26877966914564894,-0.09453602433412021,0.8972135622553116,0,-0.5927489783638191,1.1751393027860062,-0.6859943405700355,-1.061913167103641,1.061913167103641,0.7995900589021114,-0.7995900589021114,-0.6391014819458268,1.8297065576087663,-0.5310850045437943,-0.3692744729379982,-0.4034732923929645,1.1281521496355325,-1.1281521496355325
0.4330343541512469,-0.2944633608228479,-0.4925887646225672,0.9716358370385599,-0.4474601722603729,0.018277428566305175,-0.6596607189157324,-0.19716911777721888,-0.28299659036539565,-0.18146405030527446,-0.19679225981297063,-0.31970910223070254,-0.33150561992877137,1.8087836004363673,0.16367720406671538,-0.12846093613470394,-1.5011667998769638,5,-0.5927489783638191,1.1751393027860062,-0.6859943405700355,0.9416965821485118,-0.9416965821485118,0.7995900589021114,-0.7995900589021114,-0.6391014819458268,-0.5465357250000211,1.8829377433825434,-0.3692744729379982,-0.4034732923929645,1.1281521496355325,-1.1281521496355325
-0.22517786415864838,-1.5069595524463393,1.4748859445792326,0.6948165102469473,-0.4560563167058745,0.32022005349375665,-0.6596607189157324,0.9749898587304411,4.325794448368968,-0.0869819235622304,-0.17291727359416428,-0.3202476653713734,-0.3322941403641075,4.291427757898048,0.32295261495966204,-0.10303127410027903,0.5707618888281251,5,1.6870547845739468,-0.8509629433967629,-0.6859943405700355,-1.061913167103641,1.061913167103641,0.7995900589021114,-0.7995900589021114,-0.6391014819458268,-0.5465357250000211,1.8829377433825434,-0.3692744729379982,-0.4034732923929645,-0.8864052604279183,0.8864052604279182
-0.8141045858043442,-1.3337458107858404,-0.0788183810846924,-0.4124607969195027,-0.47232728003476826,-0.263865679972461,-0.07136306342671163,-0.26665780542804857,-0.13753374757858153,-0.1782367611743816,-0.20984149827842813,-0.31672057316456365,-0.326336524407349,-0.6738605570253133,-0.22147969863804656,-0.10288419400074632,0.3094046007403706,0,-0.5927489783638191,-0.8509629433967629,1.4577379737113252,0.9416965821485118,-0.9416965821485118,0.7995900589021114,-0.7995900589021114,-0.6391014819458268,-0.5465357250000211,1.8829377433825434,-0.3692744729379982,-0.4034732923929645,-0.8864052604279183,0.8864052604279182
-0.05196412249814963,-1.4376740557821397,-1.5293865877036878,1.525274490621785,-0.46677276345359064,0.23545337395469756,-0.6596607189157324,1.2536222918194224,7.5399110985487185,-0.00796292449137354,-0.16753025507650673,-0.3204408169475082,-0.33242763979491113,3.9367643068320937,0.3702525854672644,-0.08514477916867066,0.8676801139132487,5,-0.5927489783638191,1.1751393027860062,-0.6859943405700355,-1.061913167103641,1.061913167103641,0.7995900589021114,-0.7995900589021114,-0.6391014819458268,-0.5465357250000211,-0.5310850045437943,2.7080128015453204,-0.4034732923929645,1.1281521496355325,-1.1281521496355325
0.5369625991475462,1.0912465724611422,0.6516625034169917,0.9716358370385599,-0.49948653241621727,4.88215237642429,-0.6596607189157324,6.759667881693624,-0.5032373711740097,8.708245076026122,8.000687189357087,-0.3207654354714906,-0.3325447444466431,3.5821008557661393,4.393645995175154,-0.12087309019298952,-0.23978482471873205,2,1.6870547845739468,-0.8509629433967629,-0.6859943405700355,-1.061913167103641,1.061913167103641,0.7995900589021114,-0.7995900589021114,1.5646967316604727,-0.5465357250000211,-0.5310850045437943,-0.3692744729379982,-0.4034732923929645,1.1281521496355325,-1.1281521496355325
1.1605320691253416,-0.2598206124907481,-0.5642243945948593,-0.4124607969195027,-0.19960025283231442,-0.23540387516372582,0.030949572310509377,-0.14901212591702043,-0.01095224516328807,-0.18804009063367919,-0.21390230452672884,-0.29567803620912647,-0.3166931365391414,0.03546634510659547,-0.17707564469213416,-0.09820458757903262,0.6383454811392265,0,-0.5927489783638191,1.1751393027860062,-0.6859943405700355,-1.061913167103641,1.061913167103641,-1.2506408613597126,1.2506408613597126,-0.6391014819458268,-0.5465357250000211,1.8829377433825434,-0.3692744729379982,-0.4034732923929645,-0.8864052604279183,0.8864052604279182
-0.19053511582654864,1.4723168041142394,-0.8246497577232963,-0.9660994505027277,0.3439940222673264,-0.23664134493801867,-0.5317699242442062,-0.23433016478940794,-0.4467179206368282,-0.18987120602731328,-0.21445946758739937,-0.23360653148915989,-0.3032671544869991,-0.6738605570253133,-0.1790062557332608,-0.11209989988907221,-0.3383599801446167,0,1.6870547845739468,-0.8509629433967629,-0.6859943405700355,-1.061913167103641,1.061913167103641,-1.2506408613597126,1.2506408613597126,-0.6391014819458268,-0.5465357250000211,1.8829377433825434,-0.3692744729379982,-0.4034732923929645,-0.8864052604279183,0.8864052604279182
0.15589236749444887,1.1258893207932419,0.9971018768176058,1.525274490621785,0.30078475290462026,-0.2533471868909719,-0.5573480831785115,-0.15983537103481255,-0.4043995159210166,-0.18960912010336073,-0.21451380806499004,-0.20589539074224616,-0.17816954077169106,-0.3191971059593589,-0.20506950478847025,-0.08520615373761829,1.5520202067257347,0,1.6870547845739468,-0.8509629433967629,-0.6859943405700355,0.9416965821485118,-0.9416965821485118,0.7995900589021114,-0.7995900589021114,-0.6391014819458268,-0.5465357250000211,1.8829377433825434,-0.3692744729379982,-0.4034732923929645,1.1281521496355325,-1.1281521496355325
-1.0219610757969426,1.680173294106838,-0.5835191104058487,-0.6892801237111152,-0.4229429215509397,-0.23540387516372582,1.1819667243542458,-0.25502134132746135,0.16898105596437005,-0.18428658247895072,-0.21058370936753215,-0.31598678658232493,-0.32725295001846444,0.03546634510659547,-0.17707564469213416,-0.11605054735739236,-0.6160761515132815,0,-0.5927489783638191,-0.8509629433967629,1.4577379737113252,0.9416965821485118,-0.9416965821485118,-1.2506408613597126,1.2506408613597126,-0.6391014819458268,-0.5465357250000211,1.8829377433825434,-0.3692744729379982,-0.4034732923929645,1.1281521496355325,-1.1281521496355325
-0.7101763408080449,0.8141045858043442,-0.07391475165206525,0.14117785666372232,7.09816997908596,0.023846042550622927,8.241538590222495,0.12257459539360435,-0.5032373711740097,-0.19011333508088119,-0.2144682171149039,-0.23800743573042069,-0.2486694217672958,-0.3191971059593589,0.22738736842389404,-0.12553965665368064,0.612154461892439,3,-0.5927489783638191,1.1751393027860062,-0.6859943405700355,0.9416965821485118,-0.9416965821485118,-1.2506408613597126,1.2506408613597126,-0.6391014819458268,1.8297065576087663,-0.5310850045437943,-0.3692744729379982,-0.4034732923929645,1.1281521496355325,-1.1281521496355325
-0.46767710248334665,1.541602300778439,0.41346337369513647,0.9716358370385599,-0.11291402571983312,-0.24654110313236133,0.08210589017911989,-0.2009422789715855,-0.009190461283193306,-0.18885989330217473,-0.21415531793379886,-0.2836840960285366,-0.27400520681111956,-0.3191971059593589,-0.1944511440622738,-0.10060521638049313,0.4695825618076579,0,1.6870547845739468,-0.8509629433967629,-0.6859943405700355,-1.061913167103641,1.061913167103641,-1.2506408613597126,1.2506408613597126,1.5646967316604727,-0.5465357250000211,-0.5310850045437943,-0.3692744729379982,-0.4034732923929645,-0.8864052604279183,0.8864052604279182
